--CATEGORY
INSERT INTO category(id, content) VALUES
  (1, 'Conhecimentos Específicos'), (2, 'Conhecimentos Gerais'), (3, 'Informática'), (4, 'Legislação'), (5, 'Matemática'), (6, 'Português');

--AUTHENTICATION
INSERT INTO users(id, username, password, name, email, active) VALUES
(1001, 'user', '$2a$10$Qji2/icFWIGGQEAv8bbwNuKGrSZyiUUPqE/0SNO2M.BpU.NA6xPhW', 'Tony Stark','tony@stark.com', true);
INSERT INTO users(id, username, password, name, email, active) VALUES
(1002, 'teacher', '$2a$10$mOIHVhc/TKu2QVTZu.WLRefolNr5NOTbRp8IL3F31WkEvAFJ/gGNO', 'Steve Rogers','steve@cap.amer', true);
INSERT INTO users(id, username, password, name, email, active) VALUES
(1003, 'admin', '$2a$10$m/3j6fZltLuJVwUM9vEtBe4BWJByEPwn7AsB8TF5KVFin6mpEg20O', 'Administrador','admin@gmail.com', true);
--ROLES
INSERT INTO roles(id, role) values
(1, 'ROLE_USER'), (2, 'ROLE_TEACHER'), (3, 'ROLE_ADMIN');

-- USER_ROLES
INSERT INTO users_roles (user_id, roles_id) values
(1001, 1), (1002, 2), (1003, 3);

-- QUESTIONS
INSERT INTO question (id, content, category_id, active) values
  (1001, 'Qual a tecla de atalho utilizada para localizar um texto em uma página exibida no Windows Internet Explorer?', 3, true),
  (1002, 'O vocábulo perfil tem como plural "perfis". Outro vocábulo que apresenta essa mesma estrutura de plural — troca do "I" por "s" final — é',6, true),
  (1003,'Certo Conselho Regional possui 20 funcionários na administração, dos quais 10 são administradores e 10 são contadores. Assim sendo, quantas comissões disciplinares de 5 pessoas podem ser formadas com 3 administradores e 2 contadores?',5, true),
  (1004, 'De acordo com as normas da Lei nº 11.340, de 7 de agosto de 2006, Lei Maria da Penha, violência moral é entendida como qualquer conduta que',4, true),
  (1005, 'Uma linguagem de programação fortemente tipificada permite que', 1, true),
  (1006, 'No início de abril, a Corte Especial do Tribunal Regional Federal da 1ª Região suspendeu uma liminar que garantia à Usina Hidrelétrica de Belo Monte o seu funcionamento. De acordo com o órgão, o reservatório da usina não pode ser formado até que', 2, true),
  (1007, 'Com relação à internet, indique a afirmativa INCORRETA.', 3, true),
  (1008, 'Todas as frases abaixo mostram uma comparação metafórica; a frase em que essa metáfora tem explicação é:', 6, true),
  (1009, 'Todas as frases abaixo apresentam dois componentes separados por um sinal de pontuação. Desconsiderando a pontuação, indique a frase em que esse sinal foi substituído de forma adequada por um conectivo:', 6, true),
  (1010, 'A frase em que se deveria usar a forma EU em lugar de MIM é:', 6, true),
  (1011, 'Está correta a redação da seguinte frase: ', 6, true),
  (1012, 'Em uma rede estruturada, é comum o uso de um equipamento para separar o cabeamento dos dispositivos da rede. Cada série de cabos distribuídos pelo edifício ou escritório é crimpada na parte de trás desse equipamento. Que equipamento é esse?', 3, true),
  (1013, 'No navegador Mozilla Firefox, há o recurso de abrir uma janela para a navegação privativa. As teclas de atalho para abrir uma nova janela privativa são:', 3, true),
  (1014, 'Um usuário de computador deseja acessar o software de edição de textos do pacote BR Office. Nesse caso, ele vai acessar o software:', 3, true),
  (1015, 'Considere um lote de R$ 51.000.000,00 todo em cédulas de R$ 100,00. Se um quilograma corresponde a 1.000 gramas e uma cédula de R$ 100,00 pesa 0,25 gramas, o peso, somente das cédulas, desse lote estaria entre', 5, true),
  (1016, 'Considere os números naturais a × b = 380, b × c = 380, a × c = 361. Com essas informações, pode-se afirmar que o produto a × b × c é', 5, true),
  (1017, 'Os sucessivos termos da sequência: (47, 42, 37, 33, 29, 26, x, y, z, w) são obtidos através de uma lei de formação. Obedecendo a essa lei, é CORRETO afirmar que o valor de (x + y +z + w) é igual a:', 5, true),
  (1018, 'Juliano percorreu um trajeto em 27 minutos e 28 segundos. Rogério percorreu o mesmo trajeto em 25 minutos e 53 segundos e Paulo percorreu em 28 minutos e 36 segundos. O tempo médio dos três para percorrerem esse trajeto foi de', 5, true),
  (1019, 'Para efeito do Estatuto da Igualdade Racial, instituído pela Lei Federal nº 12.288, de 20 de julho de 2010, desigualdade racial é', 4, true),
  (1020, 'O Estatuto da Igualdade Racial (Lei nº 12.288/2010) instituiu, como forma de organização e articulação voltadas à implementação do conjunto de políticas e serviços destinados a superar as desigualdades étnicas existentes no país:', 4, true),
  (1021, 'Com relação ao acordo de leniência, previsto na legislação que disciplina a responsabilização administrativa e civil de pessoas jurídicas pela prática de atos contra a Administração Pública, é correto afirmar que', 4, true),
  (1022, 'De acordo com a Lei nº 8.027/1990, o servidor público que se ausentar durante o expediente, sem prévia autorização do superior imediato, comete falta administrativa punível com a seguinte pena:', 4, true),
  (1023, 'Bridge, Template Method, e Singleton podem ser utilizados durante o projeto de software orientado a objetos, sendo denominações de', 1, true), 
  (1024, 'Assinale a afirmativa correta sobre herança em JAVA', 1, true),
  (1025, 'Qual das alternativas a seguir NÃO contém um elemento essencial de padrões de projeto, segundo a definição clássica GoF', 1, true),
  (1026, 'Na especificação completa de um trigger de um banco de dados relacional, há a declaração de 3 estruturas, denominadas', 1, true),
  (1027, 'Os cidadãos irlandeses estão sendo convocados pelo governo de seu país a dar votos cruciais em um referendo histórico que se realizará entre maio e junho de 2018, sobre', 2, true),
  (1028, 'O território brasileiro encontra-se dividido em cinco regiões. A região que apresenta o maior número de estados é a Região', 2, true),
  (1029, 'No Brasil, o primeiro sistema de divisão política para fins de controle administrativo, instituído pela Coroa portuguesa, foi o de', 2, true),
  (1030, 'Em 2007 foi lançado no Brasil o PAC Programa de Aceleração do Crescimento. A execução desse programa tem uma abrangência:', 2, true),
  (1031, 'De acordo com a norma-padrão da língua portuguesa, a pontuação está corretamente empregada em: ', 6, true),
  (1032, 'Assinale a alternativa na qual o emprego do sinal indicativo de crase está correto.', 6, true),
  (1033, '“Não sei ver nada do que vejo; vejo bem apenas o que relembro e tenho inteligência apenas nas minhas lembranças”. (Rousseau) A relação ver/vejo só NÃO se repete de forma correta no seguinte par:', 6, true),
  (1034, 'Consiste na inversão de sentido, afirmando-se o contrário do que se pensa, visando á sátira ou à ridicularização:', 6, true),
  (1035, 'Assinale a alternativa em que a palavra apresenta oito letras e seis fonemas:', 6, true),
  (1036, 'Sendo a Progressão Aritmética (2, 5, 8, 11, 14,...), é correto afirmar que a razão desta PA é', 5, true),
  (1037, 'Considere a sentença “Alda gosta de maçã e não gosta de banana”. A negação da sentença dada é:', 5, true),
  (1038, 'Em uma empresa com 120 funcionários, 42 recebem vale-transporte e 95 recebem vale-refeição. Sabendo que todos os funcionários da empresa recebem ao menos um desses dois benefícios, o total de funcionários que recebem ambos os benefícios é igual a', 5, true),
  (1039, 'O algarismo da dezena do produto entre 28,4 e 5,7 é:', 5, true),
  (1040, 'O número de senhas de exatamente 6 caracteres contendo somente sílabas distintas de BE, SE, TE, RE, MU, MI, MA, MO é:', 5, true),
  (1041, 'Em relação aos conceitos sobre redes de computadores, assinale a alternativa correta.', 3, true),
  (1042, 'O protocolo que permite a navegação na internet segura através de criptografia de informações é o ', 3, true),
  (1043, 'Com o Windows 10 instalado, em português, para alternar entre as janelas abertas e para fechar a janela ativa, se utiliza, correta e respectivamente, as combinações de teclas:', 3, true),
  (1044, 'Assinale a alternativa que contém os nomes dos softwares de edição de textos, planilhas e de apresentações da suíte Br. Office, respectivamente.', 3, true),
  (1045, 'Um usuário do editor de textos do pacote MS Office 2013, em português, utilizou as teclas de atalho CTRL+X em um texto. Isso significa que ele deseja:', 3, true),
  (1046, 'Segundo a Lei n° 10.098/2000, barreiras arquitetônicas são aquelas', 4, true),
  (1047, 'Constitui ato lesivo à administração pública, nacional ou estrangeira, nos termos da Lei n° 2.846/2013, criar pessoa jurídica para participar de licitação pública ou celebrar contrato administrativo, de modo', 4, true),
  (1048, 'Constituem objetivos da Política Nacional de Saúde Integral da População Negra:', 4, true),
  (1049, 'Assinale a alternativa que está em consonância com a Lei da Ação Civil Pública (Lei n° 7.347/85).', 4, true),
  (1050, 'De acordo com a Lei n° 3.268/1957, que dispõe acerca dos Conselhos de Medicina, são penas disciplinares aplicáveis pelos Conselhos Regionais aos seus membros a ', 4, true),
  (1051, 'No âmbito de bancos de dados relacionais, uma tabela que esteja na', 1, true),
  (1052, 'Das alternativas apresentadas, maque a que não é uma classe para manipulação de exceção em Java:', 1, true),
  (1053, 'Com relação às características da linguagem JAVA, assinale a opção incorreta: ', 1, true),
  (1054, 'Marque a alternativa que define uma matriz de números inteiros com 4 linhas e 5 colunas em Java: ', 1, true),
  (1055, 'Assinale a opção que não faz parte do conceito de orientação a objetos.', 1, true),
  (1056, 'A Comissão de Valores Mobiliários (CVM) é um órgão que regula e fiscaliza o mercado de capitais no Brasil, sendo', 2, true),
  (1057, 'O Brasil é uma república federativa formada pela União, pelos estados e pelos municípios. A Câmara dos Deputados e as Câmaras de Vereadores correspondem, respectivamente, aos níveis federativos:', 2, true),
  (1058, 'A partir de que ano ocorreu a centralização das contas do FGTS pela Caixa Econômica Federal?', 2, true),
  (1059, 'O que é Brexit?', 2, true),
  (1060, 'O que é o Acordo de Paris?', 2, true);

INSERT INTO alternative (id, content, correct, question_id) values
  (1001, 'CTRL+B', false, 1001), (1002, 'CTRL+F', true, 1001), (1003, 'CTRL+P', false, 1001), (1004, 'CTRL+T', false, 1001),
  (1005, 'Útil', false, 1002), (1006, 'Retrátil', false, 1002), (1007, 'Sutil', true, 1002), (1008, 'Táctil', false, 1002), (1009, 'Fútil', false, 1002),
  (1010, '45', false, 1003), (1011, '120', false, 1003), (1012, '165', false, 1003), (1013, '540', false, 1003), (1014, '5400', true, 1003),
  (1015, 'ofenda a integridade ou a saúde corporal da mulher.', false, 1004), (1016, 'vise controlar ações, comportamentos ou crenças da mulher.', false, 1004),
  (1017, 'configure calúnia, difamação ou injúria contra a mulher.', true, 1004), (1018, 'configure subtração dos instrumentos de trabalho da mulher.', false, 1004),
  (1019, 'limite ou anule o exercício dos direitos sexuais da mulher.', false, 1004),
  (1020, 'erros de tipo sejam desconsiderados pelo compilador.', false, 1005), (1021, 'os tipos sejam vinculados dinamicamente em tempo de execução.', false, 1005),
  (1022, 'programadores violem as regras de verificação de tipos através da função unchecked().', false, 1005),
  (1023, 'funções sejam implementadas com parâmetros que não são verificados quanto ao tipo.', false, 1005),
  (1024, 'valores do tipo incorretos em variáveis sejam detectados em tempo de execução.', true, 1005),
  (1025, 'a época de cheia na bacia do Rio Xingu atinja um índice necessário para que os espécimes de peixes naturais da região encontrem local seguro para desova.', false, 1006),
  (1026, 'os Estados do sudeste beneficiados pela energia gerada pela Usina de Belo Monte realizem o depósito financeiro correspondente ao impacto ambiental da obra.', false, 1006),
  (1027, 'o município de Altamira receba tratamento de saneamento básico adequado, conforme prescrição da licença de operação concedida pelo IBAMA.', true, 1006),
  (1028, 'os linhões que transmitem a energia elétrica gerada pela Usina de Belo Monte sejam transferidos para locais que não afetem comunidades camponesas residentes no local.', false, 1006),
  (1029, 'A grande vantagem do e-mail é que a comunicação entre duas pessoas só será processada, se elas estiverem conectadas simultaneamente.', true, 1007),
  (1030, 'Um endereço de correio eletrônico, e-mail, tem o formato nome@domínio.', false, 1007),
  (1031, 'O navegador permite a visualização de informações disponíveis na internet. Existem vários navegadores disponíveis para utilização que apresentam características similares para navegação na internet.', false, 1007),
  (1032, 'POP-UP é uma janela que se abre no navegador, quando acessamos uma página web que contém alguma hiperligação especialmente programada para oferecer maiores detalhes.', false, 1007),
  (1033, 'O amor é como o sarampo: quanto mais tarde chega na vida, mais perigoso é.', true, 1008), 
  (1034, 'O amor é um grande mestre.', false, 1008), 
  (1035, 'Os amantes, como as abelhas, vivem no mel.', false, 1008), 
  (1036, 'O falso amigo é como a sombra que nos segue enquanto dura o sol.', false, 1008), 
  (1037, 'O ódio sem desejo de vingança é um grão caído sobre o granito.', false, 1008),
  (1038, 'Chega de homenagens. Eu quero o dinheiro / que.', true, 1009), 
  (1039, 'Dinheiro é igual a táxi: quando mais você precisa, ele não aparece / porém.', false, 1009), 
  (1040, 'O capital é como água. Sempre flui por onde encontra menos obstáculos / logo.', false, 1009), 
  (1041, 'Não é preciso muito para ser um produtor de coelhos. Você coloca um casal numa gaiola e é tudo / então.', false, 1009), 
  (1042, 'Sabedoria é saber o que fazer; virtude é fazer / pois.', false, 1009),
  (1043, 'Entre mim viajar ou descansar, prefiro o descanso.', true, 1010), 
  (1044, 'Um desejo de minha avó fez de mim um artista.', false, 1010), 
  (1045, 'Há muitas diferenças entre mim e a minha futura mulher.', false, 1010), 
  (1046, 'Para mim, ver filmes antigos é a maior diversão.', false, 1010), 
  (1047, 'Separamo-nos, mas sempre de mim se lembra.', false, 1010),
  (1048, 'À medida que notícias e opiniões são disseminadas pela prática jornalística, os leitores munem-se de ferramentas para exercer a cidadania de forma mais consciente.', true, 1011), 
  (1049, 'Mesmo se o jornalista se propor a abordar assuntos com seriedade, o jornalismo, por suas próprias características fazem com que os fatos sejam apurados apressadamente.', false, 1011), 
  (1050, 'Expressa-se por meio da linguagem, de modo inconsciente, as visões de mundo de quem escreve; logo, mesmo que imparcial o relato jornalístico passa pela interpretação subjetiva do leitor.', false, 1011), 
  (1051, 'Enquanto questiona-se as bases materiais do jornalismo profissional, multiplica-se leitores na internet, ao passo que, viabiliza-se a possibilidade de universalizar o ensino superior.', false, 1011), 
  (1052, 'Haveriam grandes doses de jornalismo recreativo sendo oferecidas para a maioria, desde o tempo em cujo principal veículo de massas era o tabloide, depois chegando à televisão e internet.', false, 1011),
  (1053, 'Patch panel.', true, 1012), (1054, 'Patch cord.', false, 1012), (1055, 'Switch', false, 1012), (1056, 'Rack', false, 1012),
  (1057, 'Ctrl + Shift + P', true, 1013), (1058, 'Ctrl + Shift + N', false, 1013), (1059, 'Ctrl + Alt + M', false, 1013), (1060, 'Ctrl + Alt + L', false, 1013), (1061, 'Ctrl + Tab + G ', false, 1013),
  (1062, 'Writer.', true, 1014), (1063, 'Impress.', false, 1014), (1064, 'Paint.', false, 1014), (1065, 'Note.', false, 1014), (1066, 'Calc.', false, 1014),
  (1067, '125 kg e 130 kg.', true, 1015), (1068, '120 kg e 125 kg.', false, 1015), (1069, '130 kg e 135 kg.', false, 1015), (1070, '135 kg e 140 kg.', false, 1015), (1071, '140 kg e 145 kg.', false, 1015), 
  (1072, '7.220.', true, 1016), (1073, '6.080.', false, 1016), (1074, '6.460.', false, 1016), (1075, '6.840.', false, 1016), (1076, '7.600.', false, 1016),
  (1077, '81', true, 1017), (1078, '97', false, 1017), (1079, '125', false, 1017), (1080, '159', false, 1017),
  (1081, '27 minutos e 19 segundos.', true, 1018), (1082, '26 minutos e 58 segundos.', false, 1018), (1083, '28 minutos e 22 segundos.', false, 1018), (1084, '28 minutos e 4 segundos.', false, 1018), 
  (1085, '27 minutos e 32 segundos.', false, 1018), 
  (1086, 'a situação injustificada de diferenciação de acesso e fruição de bens, serviços e oportunidades em virtude de raça, cor, descendência ou origem nacional ou étnica', true, 1019),
  (1087, 'a assimetria existente no âmbito da sociedade que acentua a distância social entre as mulheres negras e os demais segmentos sociais', false, 1019),
  (1088, 'a restrição à liberdade de consciência e de crença e ao livre exercício dos cultos religiosos de matriz africana', false, 1019),
  (1089, 'a distinção, exclusão, restrição ou preferência baseada em raça, cor, descendência ou origem nacional ou étnica', false, 1019),
  (1090, 'a restrição ao exercício de direitos no campo político em razão da cor', false, 1019),
  (1091, 'o Sistema Nacional de Promoção da Igualdade Racial.', true, 1020), (1092, 'a Convenção Internacional sobre a Eliminação de Todas as Formas de Discriminação Racial', false, 1020),
  (1093, 'os Juízados Especiais Criminais', false, 1020), (1094, 'o Ministério dos Direitos Humanos', false, 1020), 
  (1095, 'o Conselho Deliberativo do Fundo de Amparo ao Trabalhador', false, 1020),
  (1096, 'As técnicas de elaboração, redação e alteração das leis aplicam-se também aos atos de regulamentação expedidos por órgãos do Poder Executivo, no que couber.', true, 1021), 
  (1097, 'As disposições transitórias integram a parte normativa da lei.', false, 1021), 
  (1098, 'Na alteração de leis, é vedada a reorganização interna das unidades em que se desdobra o artigo.', false, 1021), 
  (1099, 'A codificação consiste na integração de todas as leis pertinentes a determinada matéria em um único diploma legal.', false, 1021), 
  (1100, 'As leis ordinárias terão numeração sequencial, reiniciando-se a numeração no começo de cada ano civil.', false, 1021),
  (1101, 'advertência por escrito.', true, 1022), (1102, 'advertência verbal.', false, 1022), (1103, 'multa.', false, 1022), (1104, 'suspensão.', false, 1022), (1105, 'demissão.', false, 1022),
  (1106, 'padrões de projeto (design patterns).', true, 1023), (1107, 'padrões de análise (analysis patterns).', false, 1023), (1108, 'normas de coesão de classes.', false, 1023),
  (1109, 'métricas específicas de software orientado a objetos.', false, 1023), (1110, 'tipos de acoplamento.', false, 1023),
  (1111, 'Subclasses têm acesso aos campos privados de sua superclasse.', false, 1024), (1112, 'Toda classe que não estenda especificamente uma outra classe é uma subclasse de Object.', true, 1024),
  (1113, 'Propriedades mais especializadas da hierarquia ficam em superclasses.', false, 1024), 
  (1114, 'Subclasses herdam o comportamento e o estado da superclasse tanto na herança de classe quanto na de interface.', false, 1024),
  (1115, 'Propriedades comuns a todas as classes da hierarquia ficam em subclasses.', false, 1024),
  (1116, 'Mecânica para a implementação passo a passo do padrão.', true, 1025), (1117, 'Nome que seja uma referência significativa para o padrão.', false, 1025), 
  (1118, 'Descrição do problema que explique quando o modelo pode ser aplicado.', false, 1025), 
  (1119, 'Descrição da solução, ou seja, um modelo para uma solução de projeto que pode ser implementado de diferentes maneiras.', false, 1025), 
  (1120, 'Declaração das consequências - resultados e compromissos - da aplicação do padrão.', false, 1025),
  (1121, 'evento, condição e ação.', true, 1026), (1122, 'recurso, integridade e referência.', false, 1026), (1123, 'restrição, condição e recurso.', false, 1026), 
  (1124, 'classificação, evento e divisão.', false, 1026), (1125, 'referência, ação e restrição.', false, 1026),
  (1126, 'a legalização do aborto.', true, 1027), (1127, 'o casamento homossexual.', false, 1027), (1128, 'a privatização da água.', false, 1027), (1129, 'a abolição do movimento feminista.', false, 1027),
  (1130, 'a laicidade do Estado Irlandês.', false, 1027),
  (1131, 'Nordeste', true, 1028), (1132, 'Norte', false, 1028), (1133, 'Sudoeste', false, 1028), (1134, 'Sudeste', false, 1028),
  (1135, 'Capitanias Hereditárias.', true, 1029), (1136, 'Províncias.', false, 1029), (1137, 'Estados Federados.', false, 1029), (1138, 'Colônias.', false, 1029),
  (1139, 'nacional.', true, 1030), (1140, 'distrital.', false, 1030), (1141, 'municipal.', false, 1030), (1142, 'estadual', false, 1030), (1143, 'regional', false, 1030),
  (1144, 'O conjunto de preocupações e ações efetivas, quando atendem, de forma voluntária, aos funcionários e à comunidade em geral, pode ser definido como responsabilidade social.', true, 1031),
  (1145, 'As empresas que optam por encampar a prática da responsabilidade social, beneficiam-se de conseguir uma melhor imagem no mercado.', false, 1031), 
  (1146, 'A noção de responsabilidade social foi muito utilizada em campanhas publicitárias: por isso, as empresas precisam relacionar-se melhor, com a sociedade.', false, 1031), 
  (1147, 'A responsabilidade social explora um leque abrangente de beneficiários, envolvendo assim: a qualidade de vida o bem-estar dos trabalhadores, a redução de impactos negativos, no meio ambiente.', false, 1031), 
  (1148, 'Alguns críticos da responsabilidade social defendem a ideia de que: o objetivo das empresas é o lucro e a geração de empregos não a preocupação com a sociedade como um todo.', false, 1031),
  (1149, 'Acho que o reconhecimento deve ser extensivo às mulheres em geral.', true, 1032), (1150, 'O respeito é devido à toda pessoa, seja mulher ou homem.', false, 1032), 
  (1151, 'Mulheres são extraordinárias, mas àquelas que são mães merecem aplausos especiais.', false, 1032), (1152, 'Temos mesmo que parabenizar à quem foi tão importante para a história de nosso país.', false, 1032), 
  (1153, 'Tomara que “Extraordinárias mulheres” suscite em nós um novo olhar para às mulheres.', false, 1032), (1154, 'reaver / reavejo.', true, 1033), (1155, 'deter / detenho.', false, 1033),
  (1156, 'requerer / requeiro.', false, 1033), (1157, 'trazer / trago.', false, 1033), (1158, 'rir / rio.', false, 1033), (1159, 'Ironia.', true, 1034), (1160, 'Hipérbole.', false, 1034),
  (1161, 'Eufemismo.', false, 1034), (1162, 'Zeugma.', false, 1034), (1163, 'Chocalho.', true, 1035), (1164, 'Palavras.', false, 1035), (1165, 'Advogado.', false, 1035), 
  (1166, 'Tritongo.', false, 1035), (1167, 'Enxaguou.', false, 1035), (1168, '+3, como razão > 0, então a PA é crescente.', true, 1036), 
  (1169, '+3, como razão > 0, então a PA é decrescente.', false, 1036), (1170, '+2, como razão > 0, então a PA é crescente.', false, 1036), (1171, '+1, como r>0, então a PA é decrescente.', false, 1036),
  (1172, 'Alda não gosta de maçã ou gosta de banana.', true, 1037), (1173, 'Alda não gosta de maçã e gosta de banana.', false, 1037), 
  (1174, 'Alda não gosta de maçã e não gosta de banana.', false, 1037), (1175, 'Alda não gosta de maçã ou não gosta de banana.', false, 1037), (1176, 'Alda gosta de maçã e gosta de banana.', false, 1037),
  (1177, '17.', true, 1038), (1178, '15.', false, 1038), (1179, '25.', false, 1038), (1180, '19.', false, 1038), (1181, '20.', false, 1038), (1182, '6.', true, 1039), 
  (1183, '1.', false, 1039), (1184, '8.', false, 1039), (1185, '3.', false, 1039), (1186, '2.', false, 1039), (1187, '336.', true, 1040), (1188, '168.', false, 1040), 
  (1189, '112.', false, 1040), (1190, '48.', false, 1040), (1191, '24.', false, 1040), 
  (1192, 'Internet é uma interligação de mais de uma rede local ou remota, na qual é necessária a existência de um roteador na interface entre duas redes.', true, 1041),
  (1193, 'As redes WANs (Wide Area Network) interconectam PANs que estão em cidades próximas.', false, 1041), 
  (1194, 'Intranet é uma rede pública localizada em várias corporações, constituída de uma ou mais redes locais interligadas, e pode possuir computadores e redes remotas', false, 1041),
  (1195, 'As MANs (Metropolitan Area Network) são redes que abrangem uma região continental. Seu raio de cobertura abrange 4000 a 8000Km.', false, 1041),
  (1196, 'Extranet é uma rede pública que usa protocolos da Internet e os serviços de provedores de telecomunicações para compartilhar parte de suas informações com seus usuários, de forma segura.', false, 1041),
  (1197, 'HTTPS', true, 1042), (1198, 'HTTP', false, 1042), (1199, 'HTML', false, 1042), (1200, 'XHTML', false, 1042), (1201, 'XML', false, 1042),
  (1202, 'Alt + Tab e Alt + F4', true, 1043), (1203, 'Ctrl + Alt + A e Ctrl + Alt T', false, 1043), (1204, 'Ctrl + F2 e Ctrl + F3 ', false, 1043),
  (1205, 'Ctrl + Tab e Ctrl + F4', false, 1043), (1206, 'Alt + A e Alt + X', false, 1043), (1207, 'Writer, Calc, Impress.', true, 1044), (1208, 'Word, Excel, Notepad.', false, 1044),
  (1209, 'Wordpad, Math, Impress.', false, 1044), (1210, 'Writer, Excel, Power Point.', false, 1044), (1211, 'recortar o texto.', true, 1045), (1212, 'copiar o texto.', false, 1045),
  (1213, 'colar um novo texto.', false, 1045), (1214, 'alterar uma parte do texto', false, 1045), (1215, 'fechar o aplicativo.', false, 1045), (1216, 'existentes nos edifícios públicos e privados.', true, 1046),
  (1217, 'que representem entrave que dificulte ou impossibilite a expressão.', false, 1046), (1218, 'existentes nos meios de transporte.', false, 1046), 
  (1219, 'existentes em espaços públicos, abertos ao público e de uso coletivo.', false, 1046), 
  (1220, 'que representem obstáculo que dificulte ou impossibilite a comunicação com terceiro.', false, 1046), (1221, 'fraudulento.', true, 1047), (1222, 'blindado.', false, 1047),
  (1223, 'elisivo', false, 1047), (1224, 'especial', false, 1047), (1225, 'imunizado.', false, 1047), 
  (1226, 'O fomento à realização de estudos e pesquisas sobre racismo e saúde da população negra.', true, 1048), 
  (1227, 'A promoção de ações para viabilizar o acesso a esporte da população negra.', false, 1048), (1228, 'A produção de conhecimento científico e tecnológico em saúde da população negra.', false, 1048),
  (1229, 'A implementação de políticas públicas para o fortalecimento da juventude negra brasileira.', false, 1048), (1230, 'A produção de conhecimento exotérico e alternativo em saúde da população negra.', false, 1048),
  (1231, 'O Município tem legitimidade para propor a ação civil pública e firmar termo de ajustamento de conduta com os interessados.', true, 1049),
  (1232, 'Poderá o juiz conceder mandado liminar na ação, com ou sem justificação prévia, de cuja decisão não caberá recurso.', false, 1049),
  (1233, 'Se, no exercício de suas funções, o juiz tiver conhecimento de fatos que possam ensejar a propositura da ação civil, deve solicitar à Procuradoria Geral do Estado que tome as medidas cabíveis.', false, 1049),
  (1234, 'As ações previstas nessa Lei serão propostas no foro do domicílio do réu, cujo juízo terá competência funcional para processar e julgar a causa.', false, 1049),
  (1235, 'Em caso de desistência infundada ou abandono da ação por associação legitimada, o processo será extinto, sem julgamento de mérito.', false, 1049),
  (1236, 'censura pública e a suspensão do exercício profissional.', true, 1050), (1237, 'advertência pública e a suspensão do exercício profissional.', false, 1050), 
  (1238, 'demissão e a censura pública.', false, 1050), (1239, 'multa diária e a cassação do exercício da profissão.', false, 1050), (1240, 'advertência pública e a multa diária.', false, 1050),
  (1241, 'terceira forma normal não pode conter dependências funcionais parciais.', true, 1051), (1242, 'segunda forma normal pode conter dependências funcionais parciais.', false, 1051),
  (1243, 'segunda forma normal não pode conter dependências funcionais transitivas.', false, 1051), (1244, 'terceira forma normal pode conter dependências funcionais transitivas.', false, 1051),
  (1245, 'segunda forma normal não pode conter chave primária composta.', false, 1051), (1246, 'AtributeNullFoundException', true, 1052), (1247, 'NullPointerException', false, 1052),
  (1248, 'ArrayIndexOutOfBoundsException', false, 1052), (1249, 'NumberFormatException', false, 1052), (1250, 'FileNotFoundException', false, 1052), 
  (1251, 'Suporta herança múltipla', true, 1053), (1252, 'Interpretada', false, 1053), (1253, 'Orientada a objetos', false, 1053), (1254, 'Possui coletor de lixo automático', false, 1053),
  (1255, 'Independente de plataforma', false, 1053), (1256, 'int [ ][ ] matriz = new int [4][5];', true, 1054), (1257, 'int matriz [4][5];', false, 1054), 
  (1258, 'int [ ][ ] matriz = new int [5][5];', false, 1054), (1259, 'int [ ][ ] matriz = new int [4,5];', false, 1054), (1260, 'int [ ][ ] matriz = new int [5,4];', false, 1054),
  (1261, 'procedimento.', true, 1055), (1262, 'herança.', false, 1055), (1263, 'método.', false, 1055), (1264, 'classe', false, 1055), (1265, 'atributo', false, 1055),
  (1266, 'vinculada ao poder executivo (Ministério da Fazenda).', true, 1056), (1267, 'subordinada ao Banco Central do Brasil.', false, 1056), 
  (1268, 'subordinada ao Banco do Brasil.', false, 1056), (1269, 'subordinada à Bolsa de Valores de São Paulo (BOVESPA).', false, 1056), (1270, 'independente do poder público', false, 1056),
  (1271, 'federal e municipal.', true, 1057), (1272, 'municipal e federal.', false, 1057), (1273, 'estadual e federal.', false, 1057), (1274, 'estadual e distrital.', false, 1057),
  (1275, 'federal e estadual', false, 1057), (1276, '1990 (Fernando Collor).', true, 1058), (1277, '1861 (D. Pedro II)', false, 1058), (1278, '1889 (Marechal Deodoro da Fonseca).', false, 1058),
  (1279, '1931 (Getúlio Vargas).', false, 1058), (1280, '1986 (José Sarney).', false, 1058), (1281, 'Saída do Reino Unido da União Europeia.', true, 1059), 
  (1282, 'Saída do Reino Unido da Zona Euro.', false, 1059), (1283, 'Saída da Inglaterra do Reino Unido.', false, 1059), (1284, 'Fim da monarquia no Reino Unido.', false, 1059),
  (1285, 'Mudança do sistema de governo no Reino Unido', false, 1059), (1286, 'Acordo internacional que trata do aquecimento global.', true, 1060), 
  (1287, 'Acordo internacional que trata da restrição de imigrantes em Paris.', false, 1060), (1288, 'Acordo internacional que trata da proteção da França dos atentados terroristas', false, 1060),
  (1289, 'Acordo internacional que trata do Desenvolvimento Sustentável.', false, 1060), (1290, 'Acordo internacional que trata da poluição radioativa.', false, 1060);


-- SIMULATEDS
INSERT INTO simulated (id, date, user_id, done) values
  (1001, '2018-03-08', 1001, true), (1002, now(), 1001, false);

INSERT INTO questions_simulated (simulated_id, question_id) values
  (1001, 1001), (1001, 1002), (1001, 1003), (1001, 1004), (1001, 1005), (1001, 1006), (1002, 1002);

-- STUDENT HISTORIC
INSERT INTO historic (id, question_id, simulated_id, alternative_id, user_id) values
  (1001, 1001, 1001, 1002, 1001), (1002, 1002, 1001, 1006, 1001), (1003, 1003, 1001, 1010, 1001),
  (1004, 1004, 1001, 1015, 1001), (1005, 1005, 1001, 1024, 1001), (1006, 1006, 1001, 1027 ,1001);